3357	019f289a-dee8-7591-82ca-1c17b7ce50ad	0	eval-library-3357
3356	019f23ad-7f57-7373-9829-cd921c397d84	31	eval-library-3356
3355	019f23ad-7f57-7373-9829-cd921c397d84	15	eval-library-3355
3353	019f1f5f-7e51-79f2-a539-75b8b2709eb5	5	eval-library-3353
3348	019f23ad-7f57-7373-9829-cd921c397d84	7	eval-library-3348
3347	019f23ad-7f57-7373-9829-cd921c397d84	5	eval-library-3347
3346	019f23ad-7f57-7373-9829-cd921c397d84	3	eval-library-3346
3345	019f238c-5422-79c2-a123-61ec3ef40b27	7	eval-library-3345
3337	019f1f84-7db1-7903-a7a7-d39a8da17ddb	7	eval-library-3337
3335	019f1582-544a-73b3-ba9b-60ee3c280fba	18	eval-library-3335
3329	019ef68c-243f-7541-9fb6-ccd845bcf6d6	40	eval-library-3329
3326	019f1f5f-7e51-79f2-a539-75b8b2709eb5	4	eval-library-3326
3321	019ea810-ee08-7cb3-a7ac-5bcd76670996	424	eval-library-3321
3319	019f0025-3f91-7922-81e4-7bc8cb3def79	76	eval-library-3319
3318	019f1eca-af3a-7b80-bb51-f919f44fb758	4	eval-library-3318
3316	019f0025-3f91-7922-81e4-7bc8cb3def79	73	eval-library-3316
3314	019f0025-3f91-7922-81e4-7bc8cb3def79	67	eval-library-3314
3310	019ef013-6c3b-7220-86d0-6293caf814dc	56	eval-library-3310
3308	019f0025-3f91-7922-81e4-7bc8cb3def79	49	eval-library-3308
3307	019ef68c-243f-7541-9fb6-ccd845bcf6d6	24	eval-library-3307
3305	019f0025-3f91-7922-81e4-7bc8cb3def79	36	eval-library-3305
3303	019f1e42-c26b-7b90-816a-2f8ee2c04ac3	0	eval-library-3303
3302	019f0025-3f91-7922-81e4-7bc8cb3def79	32	eval-library-3302
3300	019ef68c-243f-7541-9fb6-ccd845bcf6d6	22	eval-library-3300
3296	019f1a6e-70e5-7bb2-a312-f6b36acdbeb0	1	eval-library-3296
3290	019ea810-ee08-7cb3-a7ac-5bcd76670996	422	eval-library-3290
3282	019ef013-6c3b-7220-86d0-6293caf814dc	31	eval-library-3282
3276	019ea810-ee08-7cb3-a7ac-5bcd76670996	414	eval-library-3276
3275	019ea810-ee08-7cb3-a7ac-5bcd76670996	411	eval-library-3275
3274	019ea810-ee08-7cb3-a7ac-5bcd76670996	408	eval-library-3274
3272	019ea810-ee08-7cb3-a7ac-5bcd76670996	403	eval-library-3272
3267	019ea810-ee08-7cb3-a7ac-5bcd76670996	399	eval-library-3267
3265	019ea810-ee08-7cb3-a7ac-5bcd76670996	398	eval-library-3265
3255	019ea810-ee08-7cb3-a7ac-5bcd76670996	389	eval-library-3255
3254	019ea810-ee08-7cb3-a7ac-5bcd76670996	388	eval-library-3254
3252	019ea810-ee08-7cb3-a7ac-5bcd76670996	380	eval-library-3252
3249	019f0025-3f91-7922-81e4-7bc8cb3def79	24	eval-library-3249
3248	019ef013-6c3b-7220-86d0-6293caf814dc	21	eval-library-3248
3243	019f0025-3f91-7922-81e4-7bc8cb3def79	21	eval-library-3243
3241	019ea810-ee08-7cb3-a7ac-5bcd76670996	373	eval-library-3241
3237	019ea810-ee08-7cb3-a7ac-5bcd76670996	372	eval-library-3237
3233	019f0025-3f91-7922-81e4-7bc8cb3def79	17	eval-library-3233
3227	019ef566-2195-7d72-a3ad-cfb9ad00f810	60	eval-library-3227
3226	019ea810-ee08-7cb3-a7ac-5bcd76670996	370	eval-library-3226
3223	019ea810-ee08-7cb3-a7ac-5bcd76670996	369	eval-library-3223
3221	019ef013-6c3b-7220-86d0-6293caf814dc	13	eval-library-3221
3219	019ea810-ee08-7cb3-a7ac-5bcd76670996	367	eval-library-3219
3218	019f0025-3f91-7922-81e4-7bc8cb3def79	12	eval-library-3218
3212	019ea810-ee08-7cb3-a7ac-5bcd76670996	365	eval-library-3212
3203	019f1526-64e5-7303-8922-6fc9a73e5d87	2	eval-library-3203
3202	019ea810-ee08-7cb3-a7ac-5bcd76670996	362	eval-library-3202
3199	019ea810-ee08-7cb3-a7ac-5bcd76670996	361	eval-library-3199
3189	019ef566-2195-7d72-a3ad-cfb9ad00f810	50	eval-library-3189
3186	019ea810-ee08-7cb3-a7ac-5bcd76670996	358	eval-library-3186
3184	019ea810-ee08-7cb3-a7ac-5bcd76670996	356	eval-library-3184
3183	019ed6df-0d7b-7210-b6eb-9da62527d7f1	163	eval-library-3183
3181	019ed6df-0d7b-7210-b6eb-9da62527d7f1	162	eval-library-3181
3178	019ed6df-0d7b-7210-b6eb-9da62527d7f1	161	eval-library-3178
3173	019ea810-ee08-7cb3-a7ac-5bcd76670996	344	eval-library-3173
3169	019ea810-ee08-7cb3-a7ac-5bcd76670996	340	eval-library-3169
3167	019ea810-ee08-7cb3-a7ac-5bcd76670996	337	eval-library-3167
3149	019ea810-ee08-7cb3-a7ac-5bcd76670996	334	eval-library-3149
3144	019ea810-ee08-7cb3-a7ac-5bcd76670996	332	eval-library-3144
3143	019ed6df-0d7b-7210-b6eb-9da62527d7f1	150	eval-library-3143
3138	019ea810-ee08-7cb3-a7ac-5bcd76670996	328	eval-library-3138
3133	019ea810-ee08-7cb3-a7ac-5bcd76670996	325	eval-library-3133
3128	019efc9f-ff22-7d32-bdac-00301bac40a8	90	eval-library-3128
3127	019ea810-ee08-7cb3-a7ac-5bcd76670996	323	eval-library-3127
3126	019ed6df-0d7b-7210-b6eb-9da62527d7f1	139	eval-library-3126
3124	019ed6df-0d7b-7210-b6eb-9da62527d7f1	138	eval-library-3124
3123	019efc9f-ff22-7d32-bdac-00301bac40a8	89	eval-library-3123
3120	019ed6df-0d7b-7210-b6eb-9da62527d7f1	132	eval-library-3120
3119	019ed6df-0d7b-7210-b6eb-9da62527d7f1	131	eval-library-3119
3110	019ea810-ee08-7cb3-a7ac-5bcd76670996	318	eval-library-3110
3109	019ed6df-0d7b-7210-b6eb-9da62527d7f1	130	eval-library-3109
3076	019ed6df-0d7b-7210-b6eb-9da62527d7f1	128	eval-library-3076
3074	019ed6df-0d7b-7210-b6eb-9da62527d7f1	126	eval-library-3074
3070	019ea810-ee08-7cb3-a7ac-5bcd76670996	311	eval-library-3070
3066	019ea810-ee08-7cb3-a7ac-5bcd76670996	310	eval-library-3066
3065	019ea810-ee08-7cb3-a7ac-5bcd76670996	309	eval-library-3065
3061	019ea810-ee08-7cb3-a7ac-5bcd76670996	308	eval-library-3061
3059	019ea810-ee08-7cb3-a7ac-5bcd76670996	304	eval-library-3059
3057	019ed6df-0d7b-7210-b6eb-9da62527d7f1	66	eval-library-3057
3054	019ea810-ee08-7cb3-a7ac-5bcd76670996	301	eval-library-3054
3053	019ed6df-0d7b-7210-b6eb-9da62527d7f1	60	eval-library-3053
3049	019ed6df-0d7b-7210-b6eb-9da62527d7f1	41	eval-library-3049
3045	019ea810-ee08-7cb3-a7ac-5bcd76670996	298	eval-library-3045
3044	019ed6df-0d7b-7210-b6eb-9da62527d7f1	25	eval-library-3044
3043	019ea810-ee08-7cb3-a7ac-5bcd76670996	297	eval-library-3043
3042	019ed6df-0d7b-7210-b6eb-9da62527d7f1	23	eval-library-3042
3041	019ed6df-0d7b-7210-b6eb-9da62527d7f1	22	eval-library-3041
3039	019ea810-ee08-7cb3-a7ac-5bcd76670996	296	eval-library-3039
3037	019ea810-ee08-7cb3-a7ac-5bcd76670996	295	eval-library-3037
3034	019ef566-2195-7d72-a3ad-cfb9ad00f810	49	eval-library-3034
3033	019ea810-ee08-7cb3-a7ac-5bcd76670996	294	eval-library-3033
3032	019ef566-2195-7d72-a3ad-cfb9ad00f810	47	eval-library-3032
3031	019ea810-ee08-7cb3-a7ac-5bcd76670996	293	eval-library-3031
3029	019ef566-2195-7d72-a3ad-cfb9ad00f810	45	eval-library-3029
3028	019ef566-2195-7d72-a3ad-cfb9ad00f810	43	eval-library-3028
3027	019ea810-ee08-7cb3-a7ac-5bcd76670996	292	eval-library-3027
3026	019ef566-2195-7d72-a3ad-cfb9ad00f810	39	eval-library-3026
3025	019ed6df-0d7b-7210-b6eb-9da62527d7f1	10	eval-library-3025
3024	019ef566-2195-7d72-a3ad-cfb9ad00f810	38	eval-library-3024
3023	019ea810-ee08-7cb3-a7ac-5bcd76670996	291	eval-library-3023
3022	019ef566-2195-7d72-a3ad-cfb9ad00f810	37	eval-library-3022
3021	019ef566-2195-7d72-a3ad-cfb9ad00f810	36	eval-library-3021
3020	019ea810-ee08-7cb3-a7ac-5bcd76670996	290	eval-library-3020
3019	019ef566-2195-7d72-a3ad-cfb9ad00f810	35	eval-library-3019
3018	019ea810-ee08-7cb3-a7ac-5bcd76670996	289	eval-library-3018
3017	019ea810-ee08-7cb3-a7ac-5bcd76670996	288	eval-library-3017
3014	019ea810-ee08-7cb3-a7ac-5bcd76670996	286	eval-library-3014
3012	019ef566-2195-7d72-a3ad-cfb9ad00f810	33	eval-library-3012
3009	019ea810-ee08-7cb3-a7ac-5bcd76670996	284	eval-library-3009
3004	019ef19d-3024-7071-b441-8893b0ecdb99	50	eval-library-3004
3003	019ea810-ee08-7cb3-a7ac-5bcd76670996	283	eval-library-3003
3000	019efc9f-ff22-7d32-bdac-00301bac40a8	84	eval-library-3000
2998	019efc9f-ff22-7d32-bdac-00301bac40a8	83	eval-library-2998
2997	019efc9f-ff22-7d32-bdac-00301bac40a8	82	eval-library-2997
2996	019efc9f-ff22-7d32-bdac-00301bac40a8	81	eval-library-2996
2995	019ea810-ee08-7cb3-a7ac-5bcd76670996	281	eval-library-2995
2993	019efc9f-ff22-7d32-bdac-00301bac40a8	80	eval-library-2993
2992	019ef19d-3024-7071-b441-8893b0ecdb99	48	eval-library-2992
2991	019efc9f-ff22-7d32-bdac-00301bac40a8	77	eval-library-2991
2989	019ef19d-3024-7071-b441-8893b0ecdb99	46	eval-library-2989
2987	019ef12b-5400-7f41-9c2c-7c82f7013391	133	eval-library-2987
2984	019ef12b-5400-7f41-9c2c-7c82f7013391	132	eval-library-2984
2983	019ef12b-5400-7f41-9c2c-7c82f7013391	130	eval-library-2983
2982	019ef19d-3024-7071-b441-8893b0ecdb99	40	eval-library-2982
2980	019ef12b-5400-7f41-9c2c-7c82f7013391	129	eval-library-2980
2979	019ef12b-5400-7f41-9c2c-7c82f7013391	128	eval-library-2979
2971	019ef12b-5400-7f41-9c2c-7c82f7013391	125	eval-library-2971
2970	019ef12b-5400-7f41-9c2c-7c82f7013391	124	eval-library-2970
2969	019ef12b-5400-7f41-9c2c-7c82f7013391	122	eval-library-2969
2966	019ea810-ee08-7cb3-a7ac-5bcd76670996	280	eval-library-2966
2965	019ea810-ee08-7cb3-a7ac-5bcd76670996	279	eval-library-2965
2964	019efc9f-ff22-7d32-bdac-00301bac40a8	68	eval-library-2964
2923	019efc9f-ff22-7d32-bdac-00301bac40a8	66	eval-library-2923
2918	019efae2-201b-7191-badb-867c27056185	1	eval-library-2918
2913	019ef12b-5400-7f41-9c2c-7c82f7013391	119	eval-library-2913
2912	019edcc8-cff6-77d1-8e48-04b9adabc032	57	eval-library-2912
2900	019f0025-3f91-7922-81e4-7bc8cb3def79	0	eval-library-2900
2895	019efc9f-ff22-7d32-bdac-00301bac40a8	7	eval-library-2895
2887	019eff96-f581-7d10-a2b2-e9d2a5bfbb14	0	eval-library-2887
2655	019ed2b3-a775-79e2-90d3-49b186e2c313	419	eval-library-2655
2359	019efc9f-ff22-7d32-bdac-00301bac40a8	6	eval-library-2359
2284	019efc9f-ff22-7d32-bdac-00301bac40a8	4	eval-library-2284
2283	019ea810-ee08-7cb3-a7ac-5bcd76670996	270	eval-library-2283
2282	019ea810-ee08-7cb3-a7ac-5bcd76670996	269	eval-library-2282
2281	019efc9f-ff22-7d32-bdac-00301bac40a8	3	eval-library-2281
2280	019ea810-ee08-7cb3-a7ac-5bcd76670996	268	eval-library-2280
2272	019efc9f-ff22-7d32-bdac-00301bac40a8	2	eval-library-2272
2268	019efc99-8694-7e32-aa45-80b9bafd75bb	2	eval-library-2268
2266	019efc9f-ff22-7d32-bdac-00301bac40a8	0	eval-library-2266
2260	019ea810-ee08-7cb3-a7ac-5bcd76670996	258	eval-library-2260
2257	019ea810-ee08-7cb3-a7ac-5bcd76670996	257	eval-library-2257
2255	019efc99-8694-7e32-aa45-80b9bafd75bb	0	eval-library-2255
2254	019ea810-ee08-7cb3-a7ac-5bcd76670996	256	eval-library-2254
2248	019ea810-ee08-7cb3-a7ac-5bcd76670996	255	eval-library-2248
2233	019edcc8-cff6-77d1-8e48-04b9adabc032	56	eval-library-2233
2232	019edcc8-cff6-77d1-8e48-04b9adabc032	55	eval-library-2232
2231	019edcc8-cff6-77d1-8e48-04b9adabc032	54	eval-library-2231
2230	019edcc8-cff6-77d1-8e48-04b9adabc032	52	eval-library-2230
2229	019edcc8-cff6-77d1-8e48-04b9adabc032	51	eval-library-2229
2228	019edcc8-cff6-77d1-8e48-04b9adabc032	50	eval-library-2228
2227	019edcc8-cff6-77d1-8e48-04b9adabc032	49	eval-library-2227
2226	019edcc8-cff6-77d1-8e48-04b9adabc032	47	eval-library-2226
2225	019edcc8-cff6-77d1-8e48-04b9adabc032	46	eval-library-2225
2220	019efb4b-6c80-7460-a7f2-3fb36ffab019	2	eval-library-2220
2205	019edcc8-cff6-77d1-8e48-04b9adabc032	44	eval-library-2205
2203	019edcc8-cff6-77d1-8e48-04b9adabc032	43	eval-library-2203
2201	019efb4b-6c80-7460-a7f2-3fb36ffab019	1	eval-library-2201
2199	019edcc8-cff6-77d1-8e48-04b9adabc032	42	eval-library-2199
2196	019edcc8-cff6-77d1-8e48-04b9adabc032	41	eval-library-2196
2191	019ef12b-5400-7f41-9c2c-7c82f7013391	116	eval-library-2191
2187	019edcc8-cff6-77d1-8e48-04b9adabc032	40	eval-library-2187
2185	019efb4b-6c80-7460-a7f2-3fb36ffab019	0	eval-library-2185
2181	019ef12b-5400-7f41-9c2c-7c82f7013391	115	eval-library-2181
2179	019edcc8-cff6-77d1-8e48-04b9adabc032	39	eval-library-2179
2178	019ef12b-5400-7f41-9c2c-7c82f7013391	114	eval-library-2178
2176	019ef12b-5400-7f41-9c2c-7c82f7013391	113	eval-library-2176
2175	019ef12b-5400-7f41-9c2c-7c82f7013391	112	eval-library-2175
2173	019ef12b-5400-7f41-9c2c-7c82f7013391	110	eval-library-2173
2172	019ef12b-5400-7f41-9c2c-7c82f7013391	109	eval-library-2172
2171	019ef12b-5400-7f41-9c2c-7c82f7013391	108	eval-library-2171
2167	019ef12b-5400-7f41-9c2c-7c82f7013391	104	eval-library-2167
2166	019ef12b-5400-7f41-9c2c-7c82f7013391	103	eval-library-2166
2165	019ef12b-5400-7f41-9c2c-7c82f7013391	102	eval-library-2165
2163	019ef12b-5400-7f41-9c2c-7c82f7013391	100	eval-library-2163
2162	019ef12b-5400-7f41-9c2c-7c82f7013391	99	eval-library-2162
2161	019ef12b-5400-7f41-9c2c-7c82f7013391	98	eval-library-2161
2160	019ef12b-5400-7f41-9c2c-7c82f7013391	97	eval-library-2160
2159	019ef12b-5400-7f41-9c2c-7c82f7013391	95	eval-library-2159
2155	019edcc8-cff6-77d1-8e48-04b9adabc032	38	eval-library-2155
2154	019edcc8-cff6-77d1-8e48-04b9adabc032	37	eval-library-2154
2152	019edcc8-cff6-77d1-8e48-04b9adabc032	36	eval-library-2152
2150	019edcc8-cff6-77d1-8e48-04b9adabc032	35	eval-library-2150
2145	019ef12b-5400-7f41-9c2c-7c82f7013391	88	eval-library-2145
2144	019ef12b-5400-7f41-9c2c-7c82f7013391	87	eval-library-2144
2143	019ef12b-5400-7f41-9c2c-7c82f7013391	86	eval-library-2143
2142	019ef12b-5400-7f41-9c2c-7c82f7013391	85	eval-library-2142
